movie_name,reviewer,rating,review_text,word_count,date
Gone Girl,clara_horror,★★,watchable film with some notable scenes but overall inconsistent.,9,2024-05-01
Gone Girl,mona_streaming,★,could not stand watching this. turned it off halfway.,9,2024-03-11
Gone Girl,julia_viewer,★★★★,highly engaging from start to finish. would definitely watch again.,10,2024-10-10
Gone Girl,iris_experimental,★★★★,had potential and delivered reasonably well in most areas.,9,2024-11-07
Gone Girl,paul_story,★★★★,incredible storytelling and outstanding performances throughout. highly recommended!,8,2024-04-16
Gone Girl,charlie_fan,★★★★,good movie with solid performances and decent storyline. worth watching.,10,2024-03-03
Gone Girl,henry_modern,★,absolutely awful. one of the worst films i have ever seen.,11,2024-10-06
Gone Girl,yara_adventure,★,really bad film. poorly paced and lacked any real substance or meaning.,12,2024-01-25
Gone Girl,diana_lover,★★,waste of time. poor plot and unconvincing characters made it hard to enjoy.,13,2024-04-04
Gone Girl,amy_romance,★★★,pretty entertaining. not groundbreaking but worth your time.,8,2024-03-27
Gone Girl,victor_dramatic,★★★★★,best film ive seen in a long time. absolutely fantastic.,10,2024-10-22
Gone Girl,alice_film,★★★,it was okay. some parts were really good but others felt slow.,12,2024-01-01
Gone Girl,fiona_buff,★★★,watchable film with some notable scenes but overall inconsistent.,9,2024-06-06
Gone Girl,wendy_comedy,★★★★,highly engaging from start to finish. would definitely watch again.,10,2024-11-23
Gone Girl,oscar_visual,★★★,good movie with solid performances and decent storyline. worth watching.,10,2024-03-15
Gone Girl,sam_production,★★★★,excellent film with compelling narrative and great character development.,9,2024-07-19
Gone Girl,frank_blockbuster,★★★,interesting concept but could have been executed better.,8,2024-08-04
Gone Girl,kevin_pro,★★★★★,wellcrafted with excellent acting and a captivating story.,8,2024-11-11
Gone Girl,nancy_screen,★★★,average film. not bad but nothing particularly special or memorable either.,11,2024-02-14
Gone Girl,jack_documentary,★★★★★,excellent film with compelling narrative and great character development.,9,2024-12-08
Gone Girl,emma_indie,★★,mixed feelings. good ideas but poor execution in several parts.,10,2024-07-03
Gone Girl,bob_critic,★★★★★,simply wonderful! loved every minute of it.,7,2024-02-02
Gone Girl,hannah_enthusiast,★★★★,stunning cinematography and brilliant direction. a mustwatch!,7,2024-08-08
Gone Girl,evan_watcher,★★★,good movie with solid performances and decent storyline. worth watching.,10,2024-05-05
Gone Girl,mike_cinema,★★★★,amazing visual effects combined with perfect storytelling.,7,2024-01-13
Gone Girl,liam_episode,★★★★,stunning cinematography and brilliant direction. a mustwatch!,7,2024-02-10
Gone Girl,laura_movie,★★★★,best film ive seen in a long time. absolutely fantastic.,10,2024-12-12
Gone Girl,tina_award,★★★★,stunning cinematography and brilliant direction. a mustwatch!,7,2024-08-20
Gone Girl,quinn_direction,★★,terrible execution of an already weak concept.,7,2024-05-17
Gone Girl,kate_series,★,disappointed by this one. started strong but lost momentum halfway through.,11,2024-01-09
Gone Girl,george_geek,★★★★★,amazing visual effects combined with perfect storytelling.,7,2024-07-07
Gone Girl,uriel_artistic,★★★,watchable film with some notable scenes but overall inconsistent.,9,2024-09-21
Gone Girl,xavier_thriller,★,could not stand watching this. turned it off halfway.,9,2024-12-24
Gone Girl,david_animation,★,deeply flawed in every way. do not recommend to anyone.,10,2024-06-02
Gone Girl,rachel_actor,★★★,not perfect but entertaining enough for a casual watch.,9,2024-06-18
Gone Girl,zack_scifi,★★★★,this film exceeded my expectations. absolutely phenomenal in every way.,10,2024-02-26
Gone Girl,gina_classic,★★★★,really enjoyed this. great entertainment value and emotional depth.,9,2024-09-05
Gone Girl,brian_mystery,★★★★,great film with excellent pacing and interesting plot twists.,9,2024-04-28
Gone Girl,noah_digital,★,absolutely awful. one of the worst films i have ever seen.,11,2024-04-12
Gone Girl,ivan_admirer,★★★,mixed feelings. good ideas but poor execution in several parts.,10,2024-09-09
